Sample,condition_name,site,replicate,transfer,condition,days,condition_type,condition_number,depth,site_rep,is_site_rep,Cit,Glu,Cello,Cellu,Lignin
C10-HF1M15-R1-T0_S152,C10,HF1M15,R1,T0,Cit+Glu+Cello+Cellu+Lignin,3,mixed,10,7850,R1,True,True,True,True,True,True
C10-HF1M15-R1-T1_S195,C10,HF1M15,R1,T1,Cit+Glu+Cello+Cellu+Lignin,6,mixed,10,8393,R1,True,True,True,True,True,True
C10-HF1M15-R1-T10_S407,C10,HF1M15,R1,T10,Cit+Glu+Cello+Cellu+Lignin,33,mixed,10,11591,R1,True,True,True,True,True,True
C10-HF1M15-R1-T2_S240,C10,HF1M15,R1,T2,Cit+Glu+Cello+Cellu+Lignin,9,mixed,10,6891,R1,True,True,True,True,True,True
C10-HF1M15-R1-T3_S288,C10,HF1M15,R1,T3,Cit+Glu+Cello+Cellu+Lignin,12,mixed,10,8544,R1,True,True,True,True,True,True
C10-HF1M15-R2-T10_S434,C10,HF1M15,R2,T10,Cit+Glu+Cello+Cellu+Lignin,33,mixed,10,8053,R1,False,True,True,True,True,True
C10-HF1M15-R3-T10_S188,C10,HF1M15,R3,T10,Cit+Glu+Cello+Cellu+Lignin,33,mixed,10,10024,R1,False,True,True,True,True,True
C10-HF1P15-R1-T10_S455,C10,HF1P15,R1,T10,Cit+Glu+Cello+Cellu+Lignin,33,mixed,10,11255,R2,False,True,True,True,True,True
C10-HF1P15-R2-T10_S383,C10,HF1P15,R2,T10,Cit+Glu+Cello+Cellu+Lignin,33,mixed,10,9599,R2,True,True,True,True,True,True
C10-HF1P15-R2-T2_S124,C10,HF1P15,R2,T2,Cit+Glu+Cello+Cellu+Lignin,9,mixed,10,10342,R2,True,True,True,True,True,True
C10-HF1P15-R2-T3_S267,C10,HF1P15,R2,T3,Cit+Glu+Cello+Cellu+Lignin,12,mixed,10,7924,R2,True,True,True,True,True,True
C10-HF2M15-R1-T10_S479,C10,HF2M15,R1,T10,Cit+Glu+Cello+Cellu+Lignin,33,mixed,10,10348,R2,False,True,True,True,True,True
C10-HF2M15-R2-T0_S161,C10,HF2M15,R2,T0,Cit+Glu+Cello+Cellu+Lignin,3,mixed,10,5933,R2,True,True,True,True,True,True
C10-HF2M15-R2-T1_S207,C10,HF2M15,R2,T1,Cit+Glu+Cello+Cellu+Lignin,6,mixed,10,9625,R2,True,True,True,True,True,True
C10-HF2M15-R2-T10_S431,C10,HF2M15,R2,T10,Cit+Glu+Cello+Cellu+Lignin,33,mixed,10,8613,R2,True,True,True,True,True,True
C10-HF2M15-R2-T2_S249,C10,HF2M15,R2,T2,Cit+Glu+Cello+Cellu+Lignin,9,mixed,10,6073,R2,True,True,True,True,True,True
C10-HF2M15-R2-T3_S312,C10,HF2M15,R2,T3,Cit+Glu+Cello+Cellu+Lignin,12,mixed,10,10788,R2,True,True,True,True,True,True
C10-HF2M15-R3-T10_S338,C10,HF2M15,R3,T10,Cit+Glu+Cello+Cellu+Lignin,33,mixed,10,7138,R2,False,True,True,True,True,True
C10-HF2P15-R1-T10_S303,C10,HF2P15,R1,T10,Cit+Glu+Cello+Cellu+Lignin,33,mixed,10,11428,R3,False,True,True,True,True,True
C10-HF2P15-R2-T10_S467,C10,HF2P15,R2,T10,Cit+Glu+Cello+Cellu+Lignin,33,mixed,10,11409,R3,False,True,True,True,True,True
C10-HF2P15-R3-T0_S142,C10,HF2P15,R3,T0,Cit+Glu+Cello+Cellu+Lignin,3,mixed,10,7149,R3,True,True,True,True,True,True
C10-HF2P15-R3-T1_S185,C10,HF2P15,R3,T1,Cit+Glu+Cello+Cellu+Lignin,6,mixed,10,8015,R3,True,True,True,True,True,True
C10-HF2P15-R3-T10_S395,C10,HF2P15,R3,T10,Cit+Glu+Cello+Cellu+Lignin,33,mixed,10,9968,R3,True,True,True,True,True,True
C10-HF2P15-R3-T2_S231,C10,HF2P15,R3,T2,Cit+Glu+Cello+Cellu+Lignin,9,mixed,10,8383,R3,True,True,True,True,True,True
C10-HF2P15-R3-T3_S276,C10,HF2P15,R3,T3,Cit+Glu+Cello+Cellu+Lignin,12,mixed,10,6947,R3,True,True,True,True,True,True
C10-HF3E15-R1-T10_S488,C10,HF3E15,R1,T10,Cit+Glu+Cello+Cellu+Lignin,33,mixed,10,7595,R2,False,True,True,True,True,True
C10-HF3E15-R2-T0_S173,C10,HF3E15,R2,T0,Cit+Glu+Cello+Cellu+Lignin,3,mixed,10,7834,R2,True,True,True,True,True,True
C10-HF3E15-R2-T1_S219,C10,HF3E15,R2,T1,Cit+Glu+Cello+Cellu+Lignin,6,mixed,10,7580,R2,True,True,True,True,True,True
C10-HF3E15-R2-T10_S443,C10,HF3E15,R2,T10,Cit+Glu+Cello+Cellu+Lignin,33,mixed,10,7484,R2,True,True,True,True,True,True
C10-HF3E15-R2-T2_S258,C10,HF3E15,R2,T2,Cit+Glu+Cello+Cellu+Lignin,9,mixed,10,6188,R2,True,True,True,True,True,True
C10-HF3E15-R2-T3_S324,C10,HF3E15,R2,T3,Cit+Glu+Cello+Cellu+Lignin,12,mixed,10,8033,R2,True,True,True,True,True,True
C10-HF3E15-R3-T10_S374,C10,HF3E15,R3,T10,Cit+Glu+Cello+Cellu+Lignin,33,mixed,10,9035,R2,False,True,True,True,True,True
C10-HF3H15-R1-T10_S222,C10,HF3H15,R1,T10,Cit+Glu+Cello+Cellu+Lignin,33,mixed,10,7916,R3,False,True,True,True,True,True
C10-HF3H15-R2-T10_S470,C10,HF3H15,R2,T10,Cit+Glu+Cello+Cellu+Lignin,33,mixed,10,9429,R3,False,True,True,True,True,True
C10-HF3H15-R3-T1_S133,C10,HF3H15,R3,T1,Cit+Glu+Cello+Cellu+Lignin,6,mixed,10,15893,R3,True,True,True,True,True,True
C10-HF3H15-R3-T10_S419,C10,HF3H15,R3,T10,Cit+Glu+Cello+Cellu+Lignin,33,mixed,10,12050,R3,True,True,True,True,True,True
C10-HF3H15-R3-T3_S300,C10,HF3H15,R3,T3,Cit+Glu+Cello+Cellu+Lignin,12,mixed,10,8021,R3,True,True,True,True,True,True
C2-HF1M15-R1-T0_S144,C2,HF1M15,R1,T0,Cit,3,single,2,5549,R1,True,True,False,False,False,False
C2-HF1M15-R1-T10_S399,C2,HF1M15,R1,T10,Cit,33,single,2,8261,R1,True,True,False,False,False,False
C2-HF1M15-R1-T2_S232,C2,HF1M15,R1,T2,Cit,9,single,2,6702,R1,True,True,False,False,False,False
C2-HF1M15-R1-T3_S280,C2,HF1M15,R1,T3,Cit,12,single,2,9011,R1,True,True,False,False,False,False
C2-HF1M15-R2-T10_S408,C2,HF1M15,R2,T10,Cit,33,single,2,14039,R1,False,True,False,False,False,False
C2-HF1M15-R3-T10_S162,C2,HF1M15,R3,T10,Cit,33,single,2,5593,R1,False,True,False,False,False,False
C2-HF1P15-R1-T10_S447,C2,HF1P15,R1,T10,Cit,33,single,2,10475,R2,False,True,False,False,False,False
C2-HF1P15-R2-T10_S375,C2,HF1P15,R2,T10,Cit,33,single,2,12011,R2,True,True,False,False,False,False
C2-HF1P15-R2-T2_S116,C2,HF1P15,R2,T2,Cit,9,single,2,9201,R2,True,True,False,False,False,False
C2-HF1P15-R2-T3_S259,C2,HF1P15,R2,T3,Cit,12,single,2,8832,R2,True,True,False,False,False,False
C2-HF2M15-R1-T10_S471,C2,HF2M15,R1,T10,Cit,33,single,2,9529,R2,False,True,False,False,False,False
C2-HF2M15-R2-T0_S153,C2,HF2M15,R2,T0,Cit,3,single,2,6989,R2,True,True,False,False,False,False
C2-HF2M15-R2-T1_S199,C2,HF2M15,R2,T1,Cit,6,single,2,6945,R2,True,True,False,False,False,False
C2-HF2M15-R2-T10_S423,C2,HF2M15,R2,T10,Cit,33,single,2,7592,R2,True,True,False,False,False,False
C2-HF2M15-R2-T2_S241,C2,HF2M15,R2,T2,Cit,9,single,2,4150,R2,True,True,False,False,False,False
C2-HF2M15-R2-T3_S304,C2,HF2M15,R2,T3,Cit,12,single,2,8888,R2,True,True,False,False,False,False
C2-HF2M15-R3-T10_S313,C2,HF2M15,R3,T10,Cit,33,single,2,10251,R2,False,True,False,False,False,False
C2-HF2P15-R1-T10_S277,C2,HF2P15,R1,T10,Cit,33,single,2,8909,R3,False,True,False,False,False,False
C2-HF2P15-R2-T10_S459,C2,HF2P15,R2,T10,Cit,33,single,2,7633,R3,False,True,False,False,False,False
C2-HF2P15-R3-T0_S134,C2,HF2P15,R3,T0,Cit,3,single,2,6346,R3,True,True,False,False,False,False
C2-HF2P15-R3-T1_S177,C2,HF2P15,R3,T1,Cit,6,single,2,7828,R3,True,True,False,False,False,False
C2-HF2P15-R3-T10_S387,C2,HF2P15,R3,T10,Cit,33,single,2,10962,R3,True,True,False,False,False,False
C2-HF2P15-R3-T2_S223,C2,HF2P15,R3,T2,Cit,9,single,2,7686,R3,True,True,False,False,False,False
C2-HF2P15-R3-T3_S268,C2,HF2P15,R3,T3,Cit,12,single,2,6739,R3,True,True,False,False,False,False
C2-HF3E15-R1-T10_S480,C2,HF3E15,R1,T10,Cit,33,single,2,11554,R2,False,True,False,False,False,False
C2-HF3E15-R2-T0_S165,C2,HF3E15,R2,T0,Cit,3,single,2,8487,R2,True,True,False,False,False,False
C2-HF3E15-R2-T1_S211,C2,HF3E15,R2,T1,Cit,6,single,2,8052,R2,True,True,False,False,False,False
C2-HF3E15-R2-T10_S435,C2,HF3E15,R2,T10,Cit,33,single,2,10353,R2,True,True,False,False,False,False
C2-HF3E15-R2-T2_S250,C2,HF3E15,R2,T2,Cit,9,single,2,7319,R2,True,True,False,False,False,False
C2-HF3E15-R2-T3_S316,C2,HF3E15,R2,T3,Cit,12,single,2,12568,R2,True,True,False,False,False,False
C2-HF3E15-R3-T10_S348,C2,HF3E15,R3,T10,Cit,33,single,2,8408,R2,False,True,False,False,False,False
C2-HF3H15-R1-T10_S196,C2,HF3H15,R1,T10,Cit,33,single,2,10330,R3,False,True,False,False,False,False
C2-HF3H15-R2-T10_S444,C2,HF3H15,R2,T10,Cit,33,single,2,11226,R3,False,True,False,False,False,False
C2-HF3H15-R3-T1_S125,C2,HF3H15,R3,T1,Cit,6,single,2,11149,R3,True,True,False,False,False,False
C2-HF3H15-R3-T10_S411,C2,HF3H15,R3,T10,Cit,33,single,2,7963,R3,True,True,False,False,False,False
C2-HF3H15-R3-T3_S292,C2,HF3H15,R3,T3,Cit,12,single,2,10042,R3,True,True,False,False,False,False
C3-HF1M15-R1-T0_S145,C3,HF1M15,R1,T0,Glu,3,single,3,8949,R1,True,False,True,False,False,False
C3-HF1M15-R1-T1_S189,C3,HF1M15,R1,T1,Glu,6,single,3,6279,R1,True,False,True,False,False,False
C3-HF1M15-R1-T10_S400,C3,HF1M15,R1,T10,Glu,33,single,3,11610,R1,True,False,True,False,False,False
C3-HF1M15-R1-T2_S233,C3,HF1M15,R1,T2,Glu,9,single,3,7627,R1,True,False,True,False,False,False
C3-HF1M15-R1-T3_S281,C3,HF1M15,R1,T3,Glu,12,single,3,7812,R1,True,False,True,False,False,False
C3-HF1M15-R2-T10_S409,C3,HF1M15,R2,T10,Glu,33,single,3,11097,R1,False,False,True,False,False,False
C3-HF1M15-R3-T10_S163,C3,HF1M15,R3,T10,Glu,33,single,3,5357,R1,False,False,True,False,False,False
C3-HF1P15-R1-T10_S448,C3,HF1P15,R1,T10,Glu,33,single,3,11019,R2,False,False,True,False,False,False
C3-HF1P15-R2-T10_S376,C3,HF1P15,R2,T10,Glu,33,single,3,14639,R2,True,False,True,False,False,False
C3-HF1P15-R2-T2_S117,C3,HF1P15,R2,T2,Glu,9,single,3,7339,R2,True,False,True,False,False,False
C3-HF1P15-R2-T3_S260,C3,HF1P15,R2,T3,Glu,12,single,3,7746,R2,True,False,True,False,False,False
C3-HF2M15-R1-T10_S472,C3,HF2M15,R1,T10,Glu,33,single,3,10608,R2,False,False,True,False,False,False
C3-HF2M15-R2-T0_S154,C3,HF2M15,R2,T0,Glu,3,single,3,8075,R2,True,False,True,False,False,False
C3-HF2M15-R2-T1_S200,C3,HF2M15,R2,T1,Glu,6,single,3,9814,R2,True,False,True,False,False,False
C3-HF2M15-R2-T10_S424,C3,HF2M15,R2,T10,Glu,33,single,3,12922,R2,True,False,True,False,False,False
C3-HF2M15-R2-T2_S242,C3,HF2M15,R2,T2,Glu,9,single,3,7155,R2,True,False,True,False,False,False
C3-HF2M15-R2-T3_S305,C3,HF2M15,R2,T3,Glu,12,single,3,15132,R2,True,False,True,False,False,False
C3-HF2M15-R3-T10_S314,C3,HF2M15,R3,T10,Glu,33,single,3,7219,R2,False,False,True,False,False,False
C3-HF2P15-R1-T10_S278,C3,HF2P15,R1,T10,Glu,33,single,3,7604,R3,False,False,True,False,False,False
C3-HF2P15-R2-T10_S460,C3,HF2P15,R2,T10,Glu,33,single,3,7755,R3,False,False,True,False,False,False
C3-HF2P15-R3-T0_S135,C3,HF2P15,R3,T0,Glu,3,single,3,9776,R3,True,False,True,False,False,False
C3-HF2P15-R3-T1_S178,C3,HF2P15,R3,T1,Glu,6,single,3,8915,R3,True,False,True,False,False,False
C3-HF2P15-R3-T10_S388,C3,HF2P15,R3,T10,Glu,33,single,3,14160,R3,True,False,True,False,False,False
C3-HF2P15-R3-T2_S224,C3,HF2P15,R3,T2,Glu,9,single,3,7569,R3,True,False,True,False,False,False
C3-HF2P15-R3-T3_S269,C3,HF2P15,R3,T3,Glu,12,single,3,7991,R3,True,False,True,False,False,False
C3-HF3E15-R1-T10_S481,C3,HF3E15,R1,T10,Glu,33,single,3,7519,R2,False,False,True,False,False,False
C3-HF3E15-R2-T0_S166,C3,HF3E15,R2,T0,Glu,3,single,3,8258,R2,True,False,True,False,False,False
C3-HF3E15-R2-T1_S212,C3,HF3E15,R2,T1,Glu,6,single,3,7148,R2,True,False,True,False,False,False
C3-HF3E15-R2-T10_S436,C3,HF3E15,R2,T10,Glu,33,single,3,10724,R2,True,False,True,False,False,False
C3-HF3E15-R2-T2_S251,C3,HF3E15,R2,T2,Glu,9,single,3,6590,R2,True,False,True,False,False,False
C3-HF3E15-R2-T3_S317,C3,HF3E15,R2,T3,Glu,12,single,3,15607,R2,True,False,True,False,False,False
C3-HF3E15-R3-T10_S349,C3,HF3E15,R3,T10,Glu,33,single,3,9374,R2,False,False,True,False,False,False
C3-HF3H15-R1-T10_S197,C3,HF3H15,R1,T10,Glu,33,single,3,6341,R3,False,False,True,False,False,False
C3-HF3H15-R2-T10_S445,C3,HF3H15,R2,T10,Glu,33,single,3,12371,R3,False,False,True,False,False,False
C3-HF3H15-R3-T1_S126,C3,HF3H15,R3,T1,Glu,6,single,3,14566,R3,True,False,True,False,False,False
C3-HF3H15-R3-T10_S412,C3,HF3H15,R3,T10,Glu,33,single,3,13298,R3,True,False,True,False,False,False
C3-HF3H15-R3-T3_S293,C3,HF3H15,R3,T3,Glu,12,single,3,13629,R3,True,False,True,False,False,False
C4-HF1M15-R1-T0_S146,C4,HF1M15,R1,T0,Cello,3,single,4,7991,R1,True,False,False,True,False,False
C4-HF1M15-R1-T1_S190,C4,HF1M15,R1,T1,Cello,6,single,4,5543,R1,True,False,False,True,False,False
C4-HF1M15-R1-T10_S401,C4,HF1M15,R1,T10,Cello,33,single,4,10577,R1,True,False,False,True,False,False
C4-HF1M15-R1-T2_S234,C4,HF1M15,R1,T2,Cello,9,single,4,5846,R1,True,False,False,True,False,False
C4-HF1M15-R1-T3_S282,C4,HF1M15,R1,T3,Cello,12,single,4,11066,R1,True,False,False,True,False,False
C4-HF1M15-R2-T10_S410,C4,HF1M15,R2,T10,Cello,33,single,4,11568,R1,False,False,False,True,False,False
C4-HF1M15-R3-T10_S164,C4,HF1M15,R3,T10,Cello,33,single,4,4858,R1,False,False,False,True,False,False
C4-HF1P15-R1-T10_S449,C4,HF1P15,R1,T10,Cello,33,single,4,11939,R2,False,False,False,True,False,False
C4-HF1P15-R2-T10_S377,C4,HF1P15,R2,T10,Cello,33,single,4,14576,R2,True,False,False,True,False,False
C4-HF1P15-R2-T2_S118,C4,HF1P15,R2,T2,Cello,9,single,4,9097,R2,True,False,False,True,False,False
C4-HF1P15-R2-T3_S261,C4,HF1P15,R2,T3,Cello,12,single,4,10054,R2,True,False,False,True,False,False
C4-HF2M15-R1-T10_S473,C4,HF2M15,R1,T10,Cello,33,single,4,12809,R2,False,False,False,True,False,False
C4-HF2M15-R2-T0_S155,C4,HF2M15,R2,T0,Cello,3,single,4,7928,R2,True,False,False,True,False,False
C4-HF2M15-R2-T1_S201,C4,HF2M15,R2,T1,Cello,6,single,4,8534,R2,True,False,False,True,False,False
C4-HF2M15-R2-T10_S425,C4,HF2M15,R2,T10,Cello,33,single,4,12111,R2,True,False,False,True,False,False
C4-HF2M15-R2-T2_S243,C4,HF2M15,R2,T2,Cello,9,single,4,7055,R2,True,False,False,True,False,False
C4-HF2M15-R2-T3_S306,C4,HF2M15,R2,T3,Cello,12,single,4,14620,R2,True,False,False,True,False,False
C4-HF2M15-R3-T10_S315,C4,HF2M15,R3,T10,Cello,33,single,4,12194,R2,False,False,False,True,False,False
C4-HF2P15-R1-T10_S279,C4,HF2P15,R1,T10,Cello,33,single,4,7085,R3,False,False,False,True,False,False
C4-HF2P15-R2-T10_S461,C4,HF2P15,R2,T10,Cello,33,single,4,8550,R3,False,False,False,True,False,False
C4-HF2P15-R3-T0_S136,C4,HF2P15,R3,T0,Cello,3,single,4,9081,R3,True,False,False,True,False,False
C4-HF2P15-R3-T1_S179,C4,HF2P15,R3,T1,Cello,6,single,4,9032,R3,True,False,False,True,False,False
C4-HF2P15-R3-T10_S389,C4,HF2P15,R3,T10,Cello,33,single,4,12318,R3,True,False,False,True,False,False
C4-HF2P15-R3-T2_S225,C4,HF2P15,R3,T2,Cello,9,single,4,7839,R3,True,False,False,True,False,False
C4-HF2P15-R3-T3_S270,C4,HF2P15,R3,T3,Cello,12,single,4,8091,R3,True,False,False,True,False,False
C4-HF3E15-R1-T10_S482,C4,HF3E15,R1,T10,Cello,33,single,4,10275,R2,False,False,False,True,False,False
C4-HF3E15-R2-T0_S167,C4,HF3E15,R2,T0,Cello,3,single,4,6397,R2,True,False,False,True,False,False
C4-HF3E15-R2-T1_S213,C4,HF3E15,R2,T1,Cello,6,single,4,6339,R2,True,False,False,True,False,False
C4-HF3E15-R2-T10_S437,C4,HF3E15,R2,T10,Cello,33,single,4,9186,R2,True,False,False,True,False,False
C4-HF3E15-R2-T2_S252,C4,HF3E15,R2,T2,Cello,9,single,4,6588,R2,True,False,False,True,False,False
C4-HF3E15-R2-T3_S318,C4,HF3E15,R2,T3,Cello,12,single,4,12719,R2,True,False,False,True,False,False
C4-HF3E15-R3-T10_S350,C4,HF3E15,R3,T10,Cello,33,single,4,8100,R2,False,False,False,True,False,False
C4-HF3H15-R1-T10_S198,C4,HF3H15,R1,T10,Cello,33,single,4,6895,R3,False,False,False,True,False,False
C4-HF3H15-R2-T10_S446,C4,HF3H15,R2,T10,Cello,33,single,4,8278,R3,False,False,False,True,False,False
C4-HF3H15-R3-T1_S127,C4,HF3H15,R3,T1,Cello,6,single,4,14245,R3,True,False,False,True,False,False
C4-HF3H15-R3-T10_S413,C4,HF3H15,R3,T10,Cello,33,single,4,11373,R3,True,False,False,True,False,False
C4-HF3H15-R3-T3_S294,C4,HF3H15,R3,T3,Cello,12,single,4,12207,R3,True,False,False,True,False,False
C5-HF1M15-R1-T0_S147,C5,HF1M15,R1,T0,Cellu,3,single,5,8009,R1,True,False,False,False,True,False
C5-HF1M15-R1-T10_S402,C5,HF1M15,R1,T10,Cellu,33,single,5,13171,R1,True,False,False,False,True,False
C5-HF1M15-R1-T2_S235,C5,HF1M15,R1,T2,Cellu,9,single,5,7399,R1,True,False,False,False,True,False
C5-HF1M15-R1-T3_S283,C5,HF1M15,R1,T3,Cellu,12,single,5,7856,R1,True,False,False,False,True,False
C5-HF1M15-R2-T10_S420,C5,HF1M15,R2,T10,Cellu,33,single,5,11613,R1,False,False,False,False,True,False
C5-HF1M15-R3-T10_S174,C5,HF1M15,R3,T10,Cellu,33,single,5,8375,R1,False,False,False,False,True,False
C5-HF1P15-R1-T10_S450,C5,HF1P15,R1,T10,Cellu,33,single,5,9889,R2,False,False,False,False,True,False
C5-HF1P15-R2-T10_S378,C5,HF1P15,R2,T10,Cellu,33,single,5,12704,R2,True,False,False,False,True,False
C5-HF1P15-R2-T2_S119,C5,HF1P15,R2,T2,Cellu,9,single,5,8040,R2,True,False,False,False,True,False
C5-HF1P15-R2-T3_S262,C5,HF1P15,R2,T3,Cellu,12,single,5,6743,R2,True,False,False,False,True,False
C5-HF2M15-R1-T10_S474,C5,HF2M15,R1,T10,Cellu,33,single,5,11537,R2,False,False,False,False,True,False
C5-HF2M15-R2-T0_S156,C5,HF2M15,R2,T0,Cellu,3,single,5,6371,R2,True,False,False,False,True,False
C5-HF2M15-R2-T1_S202,C5,HF2M15,R2,T1,Cellu,6,single,5,6005,R2,True,False,False,False,True,False
C5-HF2M15-R2-T10_S426,C5,HF2M15,R2,T10,Cellu,33,single,5,10445,R2,True,False,False,False,True,False
C5-HF2M15-R2-T2_S244,C5,HF2M15,R2,T2,Cellu,9,single,5,5686,R2,True,False,False,False,True,False
C5-HF2M15-R2-T3_S307,C5,HF2M15,R2,T3,Cellu,12,single,5,13876,R2,True,False,False,False,True,False
C5-HF2P15-R1-T10_S289,C5,HF2P15,R1,T10,Cellu,33,single,5,6563,R3,False,False,False,False,True,False
C5-HF2P15-R2-T10_S462,C5,HF2P15,R2,T10,Cellu,33,single,5,7759,R3,False,False,False,False,True,False
C5-HF2P15-R3-T0_S137,C5,HF2P15,R3,T0,Cellu,3,single,5,9202,R3,True,False,False,False,True,False
C5-HF2P15-R3-T1_S180,C5,HF2P15,R3,T1,Cellu,6,single,5,4242,R3,True,False,False,False,True,False
C5-HF2P15-R3-T10_S390,C5,HF2P15,R3,T10,Cellu,33,single,5,14079,R3,True,False,False,False,True,False
C5-HF2P15-R3-T2_S226,C5,HF2P15,R3,T2,Cellu,9,single,5,8710,R3,True,False,False,False,True,False
C5-HF2P15-R3-T3_S271,C5,HF2P15,R3,T3,Cellu,12,single,5,5924,R3,True,False,False,False,True,False
C5-HF3E15-R1-T10_S483,C5,HF3E15,R1,T10,Cellu,33,single,5,12348,R2,False,False,False,False,True,False
C5-HF3E15-R2-T0_S168,C5,HF3E15,R2,T0,Cellu,3,single,5,8455,R2,True,False,False,False,True,False
C5-HF3E15-R2-T1_S214,C5,HF3E15,R2,T1,Cellu,6,single,5,7130,R2,True,False,False,False,True,False
C5-HF3E15-R2-T10_S438,C5,HF3E15,R2,T10,Cellu,33,single,5,12403,R2,True,False,False,False,True,False
C5-HF3E15-R2-T2_S253,C5,HF3E15,R2,T2,Cellu,9,single,5,8013,R2,True,False,False,False,True,False
C5-HF3E15-R2-T3_S319,C5,HF3E15,R2,T3,Cellu,12,single,5,10543,R2,True,False,False,False,True,False
C5-HF3E15-R3-T10_S360,C5,HF3E15,R3,T10,Cellu,33,single,5,7331,R2,False,False,False,False,True,False
C5-HF3H15-R1-T10_S208,C5,HF3H15,R1,T10,Cellu,33,single,5,8214,R3,False,False,False,False,True,False
C5-HF3H15-R2-T10_S456,C5,HF3H15,R2,T10,Cellu,33,single,5,11137,R3,False,False,False,False,True,False
C5-HF3H15-R3-T1_S128,C5,HF3H15,R3,T1,Cellu,6,single,5,11478,R3,True,False,False,False,True,False
C5-HF3H15-R3-T10_S414,C5,HF3H15,R3,T10,Cellu,33,single,5,12601,R3,True,False,False,False,True,False
C5-HF3H15-R3-T3_S295,C5,HF3H15,R3,T3,Cellu,12,single,5,9218,R3,True,False,False,False,True,False
C6-HF1M15-R1-T0_S148,C6,HF1M15,R1,T0,Lignin,3,single,6,9073,R1,True,False,False,False,False,True
C6-HF1M15-R1-T1_S191,C6,HF1M15,R1,T1,Lignin,6,single,6,5729,R1,True,False,False,False,False,True
C6-HF1M15-R1-T10_S403,C6,HF1M15,R1,T10,Lignin,33,single,6,11111,R1,True,False,False,False,False,True
C6-HF1M15-R1-T2_S236,C6,HF1M15,R1,T2,Lignin,9,single,6,7722,R1,True,False,False,False,False,True
C6-HF1M15-R1-T3_S284,C6,HF1M15,R1,T3,Lignin,12,single,6,7714,R1,True,False,False,False,False,True
C6-HF1M15-R2-T10_S421,C6,HF1M15,R2,T10,Lignin,33,single,6,11385,R1,False,False,False,False,False,True
C6-HF1M15-R3-T10_S175,C6,HF1M15,R3,T10,Lignin,33,single,6,9217,R1,False,False,False,False,False,True
C6-HF1P15-R1-T10_S451,C6,HF1P15,R1,T10,Lignin,33,single,6,11603,R2,False,False,False,False,False,True
C6-HF1P15-R2-T10_S379,C6,HF1P15,R2,T10,Lignin,33,single,6,10895,R2,True,False,False,False,False,True
C6-HF1P15-R2-T2_S120,C6,HF1P15,R2,T2,Lignin,9,single,6,8095,R2,True,False,False,False,False,True
C6-HF1P15-R2-T3_S263,C6,HF1P15,R2,T3,Lignin,12,single,6,8029,R2,True,False,False,False,False,True
C6-HF2M15-R1-T10_S475,C6,HF2M15,R1,T10,Lignin,33,single,6,12066,R2,False,False,False,False,False,True
C6-HF2M15-R2-T0_S157,C6,HF2M15,R2,T0,Lignin,3,single,6,7583,R2,True,False,False,False,False,True
C6-HF2M15-R2-T1_S203,C6,HF2M15,R2,T1,Lignin,6,single,6,9353,R2,True,False,False,False,False,True
C6-HF2M15-R2-T10_S427,C6,HF2M15,R2,T10,Lignin,33,single,6,11504,R2,True,False,False,False,False,True
C6-HF2M15-R2-T2_S245,C6,HF2M15,R2,T2,Lignin,9,single,6,5965,R2,True,False,False,False,False,True
C6-HF2M15-R2-T3_S308,C6,HF2M15,R2,T3,Lignin,12,single,6,14657,R2,True,False,False,False,False,True
C6-HF2M15-R3-T10_S325,C6,HF2M15,R3,T10,Lignin,33,single,6,5072,R2,False,False,False,False,False,True
C6-HF2P15-R1-T10_S290,C6,HF2P15,R1,T10,Lignin,33,single,6,7972,R3,False,False,False,False,False,True
C6-HF2P15-R2-T10_S463,C6,HF2P15,R2,T10,Lignin,33,single,6,7234,R3,False,False,False,False,False,True
C6-HF2P15-R3-T0_S138,C6,HF2P15,R3,T0,Lignin,3,single,6,6723,R3,True,False,False,False,False,True
C6-HF2P15-R3-T1_S181,C6,HF2P15,R3,T1,Lignin,6,single,6,7492,R3,True,False,False,False,False,True
C6-HF2P15-R3-T10_S391,C6,HF2P15,R3,T10,Lignin,33,single,6,10816,R3,True,False,False,False,False,True
C6-HF2P15-R3-T2_S227,C6,HF2P15,R3,T2,Lignin,9,single,6,8431,R3,True,False,False,False,False,True
C6-HF2P15-R3-T3_S272,C6,HF2P15,R3,T3,Lignin,12,single,6,5028,R3,True,False,False,False,False,True
C6-HF3E15-R1-T10_S484,C6,HF3E15,R1,T10,Lignin,33,single,6,11154,R2,False,False,False,False,False,True
C6-HF3E15-R2-T0_S169,C6,HF3E15,R2,T0,Lignin,3,single,6,7787,R2,True,False,False,False,False,True
C6-HF3E15-R2-T1_S215,C6,HF3E15,R2,T1,Lignin,6,single,6,7114,R2,True,False,False,False,False,True
C6-HF3E15-R2-T10_S439,C6,HF3E15,R2,T10,Lignin,33,single,6,10138,R2,True,False,False,False,False,True
C6-HF3E15-R2-T2_S254,C6,HF3E15,R2,T2,Lignin,9,single,6,7379,R2,True,False,False,False,False,True
C6-HF3E15-R2-T3_S320,C6,HF3E15,R2,T3,Lignin,12,single,6,13870,R2,True,False,False,False,False,True
C6-HF3E15-R3-T10_S361,C6,HF3E15,R3,T10,Lignin,33,single,6,9104,R2,False,False,False,False,False,True
C6-HF3H15-R1-T10_S209,C6,HF3H15,R1,T10,Lignin,33,single,6,8744,R3,False,False,False,False,False,True
C6-HF3H15-R2-T10_S457,C6,HF3H15,R2,T10,Lignin,33,single,6,11113,R3,False,False,False,False,False,True
C6-HF3H15-R3-T1_S129,C6,HF3H15,R3,T1,Lignin,6,single,6,13929,R3,True,False,False,False,False,True
C6-HF3H15-R3-T10_S415,C6,HF3H15,R3,T10,Lignin,33,single,6,12208,R3,True,False,False,False,False,True
C6-HF3H15-R3-T3_S296,C6,HF3H15,R3,T3,Lignin,12,single,6,10554,R3,True,False,False,False,False,True
C7-HF1M15-R1-T0_S149,C7,HF1M15,R1,T0,Cit+Glu,3,mixed,7,8226,R1,True,True,True,False,False,False
C7-HF1M15-R1-T1_S192,C7,HF1M15,R1,T1,Cit+Glu,6,mixed,7,5883,R1,True,True,True,False,False,False
C7-HF1M15-R1-T10_S404,C7,HF1M15,R1,T10,Cit+Glu,33,mixed,7,13362,R1,True,True,True,False,False,False
C7-HF1M15-R1-T2_S237,C7,HF1M15,R1,T2,Cit+Glu,9,mixed,7,9232,R1,True,True,True,False,False,False
C7-HF1M15-R1-T3_S285,C7,HF1M15,R1,T3,Cit+Glu,12,mixed,7,9225,R1,True,True,True,False,False,False
C7-HF1M15-R2-T10_S422,C7,HF1M15,R2,T10,Cit+Glu,33,mixed,7,10037,R1,False,True,True,False,False,False
C7-HF1M15-R3-T10_S176,C7,HF1M15,R3,T10,Cit+Glu,33,mixed,7,7407,R1,False,True,True,False,False,False
C7-HF1P15-R1-T10_S452,C7,HF1P15,R1,T10,Cit+Glu,33,mixed,7,9689,R2,False,True,True,False,False,False
C7-HF1P15-R2-T10_S380,C7,HF1P15,R2,T10,Cit+Glu,33,mixed,7,8869,R2,True,True,True,False,False,False
C7-HF1P15-R2-T2_S121,C7,HF1P15,R2,T2,Cit+Glu,9,mixed,7,8195,R2,True,True,True,False,False,False
C7-HF1P15-R2-T3_S264,C7,HF1P15,R2,T3,Cit+Glu,12,mixed,7,6616,R2,True,True,True,False,False,False
C7-HF2M15-R1-T10_S476,C7,HF2M15,R1,T10,Cit+Glu,33,mixed,7,9834,R2,False,True,True,False,False,False
C7-HF2M15-R2-T0_S158,C7,HF2M15,R2,T0,Cit+Glu,3,mixed,7,9979,R2,True,True,True,False,False,False
C7-HF2M15-R2-T1_S204,C7,HF2M15,R2,T1,Cit+Glu,6,mixed,7,9619,R2,True,True,True,False,False,False
C7-HF2M15-R2-T10_S428,C7,HF2M15,R2,T10,Cit+Glu,33,mixed,7,15104,R2,True,True,True,False,False,False
C7-HF2M15-R2-T2_S246,C7,HF2M15,R2,T2,Cit+Glu,9,mixed,7,7555,R2,True,True,True,False,False,False
C7-HF2M15-R2-T3_S309,C7,HF2M15,R2,T3,Cit+Glu,12,mixed,7,16026,R2,True,True,True,False,False,False
C7-HF2M15-R3-T10_S326,C7,HF2M15,R3,T10,Cit+Glu,33,mixed,7,1923,R2,False,True,True,False,False,False
C7-HF2P15-R1-T10_S291,C7,HF2P15,R1,T10,Cit+Glu,33,mixed,7,9702,R3,False,True,True,False,False,False
C7-HF2P15-R2-T10_S464,C7,HF2P15,R2,T10,Cit+Glu,33,mixed,7,8363,R3,False,True,True,False,False,False
C7-HF2P15-R3-T0_S139,C7,HF2P15,R3,T0,Cit+Glu,3,mixed,7,8938,R3,True,True,True,False,False,False
C7-HF2P15-R3-T1_S182,C7,HF2P15,R3,T1,Cit+Glu,6,mixed,7,9219,R3,True,True,True,False,False,False
C7-HF2P15-R3-T10_S392,C7,HF2P15,R3,T10,Cit+Glu,33,mixed,7,11519,R3,True,True,True,False,False,False
C7-HF2P15-R3-T2_S228,C7,HF2P15,R3,T2,Cit+Glu,9,mixed,7,9006,R3,True,True,True,False,False,False
C7-HF2P15-R3-T3_S273,C7,HF2P15,R3,T3,Cit+Glu,12,mixed,7,4603,R3,True,True,True,False,False,False
C7-HF3E15-R1-T10_S485,C7,HF3E15,R1,T10,Cit+Glu,33,mixed,7,7967,R2,False,True,True,False,False,False
C7-HF3E15-R2-T0_S170,C7,HF3E15,R2,T0,Cit+Glu,3,mixed,7,8451,R2,True,True,True,False,False,False
C7-HF3E15-R2-T1_S216,C7,HF3E15,R2,T1,Cit+Glu,6,mixed,7,8626,R2,True,True,True,False,False,False
C7-HF3E15-R2-T10_S440,C7,HF3E15,R2,T10,Cit+Glu,33,mixed,7,9915,R2,True,True,True,False,False,False
C7-HF3E15-R2-T2_S255,C7,HF3E15,R2,T2,Cit+Glu,9,mixed,7,5326,R2,True,True,True,False,False,False
C7-HF3E15-R2-T3_S321,C7,HF3E15,R2,T3,Cit+Glu,12,mixed,7,12179,R2,True,True,True,False,False,False
C7-HF3E15-R3-T10_S362,C7,HF3E15,R3,T10,Cit+Glu,33,mixed,7,12318,R2,False,True,True,False,False,False
C7-HF3H15-R1-T10_S210,C7,HF3H15,R1,T10,Cit+Glu,33,mixed,7,8727,R3,False,True,True,False,False,False
C7-HF3H15-R2-T10_S458,C7,HF3H15,R2,T10,Cit+Glu,33,mixed,7,10882,R3,False,True,True,False,False,False
C7-HF3H15-R3-T1_S130,C7,HF3H15,R3,T1,Cit+Glu,6,mixed,7,12789,R3,True,True,True,False,False,False
C7-HF3H15-R3-T10_S416,C7,HF3H15,R3,T10,Cit+Glu,33,mixed,7,13559,R3,True,True,True,False,False,False
C7-HF3H15-R3-T3_S297,C7,HF3H15,R3,T3,Cit+Glu,12,mixed,7,8704,R3,True,True,True,False,False,False
C8-HF1M15-R1-T0_S150,C8,HF1M15,R1,T0,Cit+Glu+Cello,3,mixed,8,3549,R1,True,True,True,True,False,False
C8-HF1M15-R1-T1_S193,C8,HF1M15,R1,T1,Cit+Glu+Cello,6,mixed,8,5812,R1,True,True,True,True,False,False
C8-HF1M15-R1-T10_S405,C8,HF1M15,R1,T10,Cit+Glu+Cello,33,mixed,8,9940,R1,True,True,True,True,False,False
C8-HF1M15-R1-T2_S238,C8,HF1M15,R1,T2,Cit+Glu+Cello,9,mixed,8,5596,R1,True,True,True,True,False,False
C8-HF1M15-R1-T3_S286,C8,HF1M15,R1,T3,Cit+Glu+Cello,12,mixed,8,3155,R1,True,True,True,True,False,False
C8-HF1M15-R2-T10_S432,C8,HF1M15,R2,T10,Cit+Glu+Cello,33,mixed,8,8646,R1,False,True,True,True,False,False
C8-HF1M15-R3-T10_S186,C8,HF1M15,R3,T10,Cit+Glu+Cello,33,mixed,8,6242,R1,False,True,True,True,False,False
C8-HF1P15-R1-T10_S453,C8,HF1P15,R1,T10,Cit+Glu+Cello,33,mixed,8,9723,R2,False,True,True,True,False,False
C8-HF1P15-R2-T10_S381,C8,HF1P15,R2,T10,Cit+Glu+Cello,33,mixed,8,8177,R2,True,True,True,True,False,False
C8-HF1P15-R2-T2_S122,C8,HF1P15,R2,T2,Cit+Glu+Cello,9,mixed,8,7459,R2,True,True,True,True,False,False
C8-HF1P15-R2-T3_S265,C8,HF1P15,R2,T3,Cit+Glu+Cello,12,mixed,8,5244,R2,True,True,True,True,False,False
C8-HF2M15-R1-T10_S477,C8,HF2M15,R1,T10,Cit+Glu+Cello,33,mixed,8,8544,R2,False,True,True,True,False,False
C8-HF2M15-R2-T0_S159,C8,HF2M15,R2,T0,Cit+Glu+Cello,3,mixed,8,5771,R2,True,True,True,True,False,False
C8-HF2M15-R2-T1_S205,C8,HF2M15,R2,T1,Cit+Glu+Cello,6,mixed,8,7011,R2,True,True,True,True,False,False
C8-HF2M15-R2-T10_S429,C8,HF2M15,R2,T10,Cit+Glu+Cello,33,mixed,8,8711,R2,True,True,True,True,False,False
C8-HF2M15-R2-T2_S247,C8,HF2M15,R2,T2,Cit+Glu+Cello,9,mixed,8,4537,R2,True,True,True,True,False,False
C8-HF2M15-R2-T3_S310,C8,HF2M15,R2,T3,Cit+Glu+Cello,12,mixed,8,11280,R2,True,True,True,True,False,False
C8-HF2M15-R3-T10_S336,C8,HF2M15,R3,T10,Cit+Glu+Cello,33,mixed,8,4022,R2,False,True,True,True,False,False
C8-HF2P15-R1-T10_S301,C8,HF2P15,R1,T10,Cit+Glu+Cello,33,mixed,8,7677,R3,False,True,True,True,False,False
C8-HF2P15-R2-T10_S465,C8,HF2P15,R2,T10,Cit+Glu+Cello,33,mixed,8,9429,R3,False,True,True,True,False,False
C8-HF2P15-R3-T0_S140,C8,HF2P15,R3,T0,Cit+Glu+Cello,3,mixed,8,8761,R3,True,True,True,True,False,False
C8-HF2P15-R3-T1_S183,C8,HF2P15,R3,T1,Cit+Glu+Cello,6,mixed,8,8648,R3,True,True,True,True,False,False
C8-HF2P15-R3-T10_S393,C8,HF2P15,R3,T10,Cit+Glu+Cello,33,mixed,8,9285,R3,True,True,True,True,False,False
C8-HF2P15-R3-T2_S229,C8,HF2P15,R3,T2,Cit+Glu+Cello,9,mixed,8,7640,R3,True,True,True,True,False,False
C8-HF2P15-R3-T3_S274,C8,HF2P15,R3,T3,Cit+Glu+Cello,12,mixed,8,6719,R3,True,True,True,True,False,False
C8-HF3E15-R1-T10_S486,C8,HF3E15,R1,T10,Cit+Glu+Cello,33,mixed,8,7164,R2,False,True,True,True,False,False
C8-HF3E15-R2-T0_S171,C8,HF3E15,R2,T0,Cit+Glu+Cello,3,mixed,8,8033,R2,True,True,True,True,False,False
C8-HF3E15-R2-T1_S217,C8,HF3E15,R2,T1,Cit+Glu+Cello,6,mixed,8,8301,R2,True,True,True,True,False,False
C8-HF3E15-R2-T10_S441,C8,HF3E15,R2,T10,Cit+Glu+Cello,33,mixed,8,11159,R2,True,True,True,True,False,False
C8-HF3E15-R2-T2_S256,C8,HF3E15,R2,T2,Cit+Glu+Cello,9,mixed,8,5436,R2,True,True,True,True,False,False
C8-HF3E15-R2-T3_S322,C8,HF3E15,R2,T3,Cit+Glu+Cello,12,mixed,8,8666,R2,True,True,True,True,False,False
C8-HF3E15-R3-T10_S372,C8,HF3E15,R3,T10,Cit+Glu+Cello,33,mixed,8,8497,R2,False,True,True,True,False,False
C8-HF3H15-R1-T10_S220,C8,HF3H15,R1,T10,Cit+Glu+Cello,33,mixed,8,8142,R3,False,True,True,True,False,False
C8-HF3H15-R2-T10_S468,C8,HF3H15,R2,T10,Cit+Glu+Cello,33,mixed,8,13266,R3,False,True,True,True,False,False
C8-HF3H15-R3-T1_S131,C8,HF3H15,R3,T1,Cit+Glu+Cello,6,mixed,8,11302,R3,True,True,True,True,False,False
C8-HF3H15-R3-T10_S417,C8,HF3H15,R3,T10,Cit+Glu+Cello,33,mixed,8,10785,R3,True,True,True,True,False,False
C8-HF3H15-R3-T3_S298,C8,HF3H15,R3,T3,Cit+Glu+Cello,12,mixed,8,7546,R3,True,True,True,True,False,False
C9-HF1M15-R1-T0_S151,C9,HF1M15,R1,T0,Cit+Glu+Cello+Cellu,3,mixed,9,2377,R1,True,True,True,True,True,False
C9-HF1M15-R1-T1_S194,C9,HF1M15,R1,T1,Cit+Glu+Cello+Cellu,6,mixed,9,6336,R1,True,True,True,True,True,False
C9-HF1M15-R1-T10_S406,C9,HF1M15,R1,T10,Cit+Glu+Cello+Cellu,33,mixed,9,11184,R1,True,True,True,True,True,False
C9-HF1M15-R1-T2_S239,C9,HF1M15,R1,T2,Cit+Glu+Cello+Cellu,9,mixed,9,6228,R1,True,True,True,True,True,False
C9-HF1M15-R1-T3_S287,C9,HF1M15,R1,T3,Cit+Glu+Cello+Cellu,12,mixed,9,7302,R1,True,True,True,True,True,False
C9-HF1M15-R2-T10_S433,C9,HF1M15,R2,T10,Cit+Glu+Cello+Cellu,33,mixed,9,9686,R1,False,True,True,True,True,False
C9-HF1M15-R3-T10_S187,C9,HF1M15,R3,T10,Cit+Glu+Cello+Cellu,33,mixed,9,2103,R1,False,True,True,True,True,False
C9-HF1P15-R1-T10_S454,C9,HF1P15,R1,T10,Cit+Glu+Cello+Cellu,33,mixed,9,11701,R2,False,True,True,True,True,False
C9-HF1P15-R2-T10_S382,C9,HF1P15,R2,T10,Cit+Glu+Cello+Cellu,33,mixed,9,8098,R2,True,True,True,True,True,False
C9-HF1P15-R2-T2_S123,C9,HF1P15,R2,T2,Cit+Glu+Cello+Cellu,9,mixed,9,7166,R2,True,True,True,True,True,False
C9-HF1P15-R2-T3_S266,C9,HF1P15,R2,T3,Cit+Glu+Cello+Cellu,12,mixed,9,6774,R2,True,True,True,True,True,False
C9-HF2M15-R1-T10_S478,C9,HF2M15,R1,T10,Cit+Glu+Cello+Cellu,33,mixed,9,9330,R2,False,True,True,True,True,False
C9-HF2M15-R2-T0_S160,C9,HF2M15,R2,T0,Cit+Glu+Cello+Cellu,3,mixed,9,5812,R2,True,True,True,True,True,False
C9-HF2M15-R2-T1_S206,C9,HF2M15,R2,T1,Cit+Glu+Cello+Cellu,6,mixed,9,7683,R2,True,True,True,True,True,False
C9-HF2M15-R2-T10_S430,C9,HF2M15,R2,T10,Cit+Glu+Cello+Cellu,33,mixed,9,10063,R2,True,True,True,True,True,False
C9-HF2M15-R2-T2_S248,C9,HF2M15,R2,T2,Cit+Glu+Cello+Cellu,9,mixed,9,5176,R2,True,True,True,True,True,False
C9-HF2M15-R2-T3_S311,C9,HF2M15,R2,T3,Cit+Glu+Cello+Cellu,12,mixed,9,11251,R2,True,True,True,True,True,False
C9-HF2M15-R3-T10_S337,C9,HF2M15,R3,T10,Cit+Glu+Cello+Cellu,33,mixed,9,4725,R2,False,True,True,True,True,False
C9-HF2P15-R1-T10_S302,C9,HF2P15,R1,T10,Cit+Glu+Cello+Cellu,33,mixed,9,9556,R3,False,True,True,True,True,False
C9-HF2P15-R2-T10_S466,C9,HF2P15,R2,T10,Cit+Glu+Cello+Cellu,33,mixed,9,11148,R3,False,True,True,True,True,False
C9-HF2P15-R3-T0_S141,C9,HF2P15,R3,T0,Cit+Glu+Cello+Cellu,3,mixed,9,7411,R3,True,True,True,True,True,False
C9-HF2P15-R3-T1_S184,C9,HF2P15,R3,T1,Cit+Glu+Cello+Cellu,6,mixed,9,8279,R3,True,True,True,True,True,False
C9-HF2P15-R3-T10_S394,C9,HF2P15,R3,T10,Cit+Glu+Cello+Cellu,33,mixed,9,8829,R3,True,True,True,True,True,False
C9-HF2P15-R3-T2_S230,C9,HF2P15,R3,T2,Cit+Glu+Cello+Cellu,9,mixed,9,7618,R3,True,True,True,True,True,False
C9-HF2P15-R3-T3_S275,C9,HF2P15,R3,T3,Cit+Glu+Cello+Cellu,12,mixed,9,6931,R3,True,True,True,True,True,False
C9-HF3E15-R1-T10_S487,C9,HF3E15,R1,T10,Cit+Glu+Cello+Cellu,33,mixed,9,6856,R2,False,True,True,True,True,False
C9-HF3E15-R2-T0_S172,C9,HF3E15,R2,T0,Cit+Glu+Cello+Cellu,3,mixed,9,8621,R2,True,True,True,True,True,False
C9-HF3E15-R2-T1_S218,C9,HF3E15,R2,T1,Cit+Glu+Cello+Cellu,6,mixed,9,9708,R2,True,True,True,True,True,False
C9-HF3E15-R2-T10_S442,C9,HF3E15,R2,T10,Cit+Glu+Cello+Cellu,33,mixed,9,9759,R2,True,True,True,True,True,False
C9-HF3E15-R2-T2_S257,C9,HF3E15,R2,T2,Cit+Glu+Cello+Cellu,9,mixed,9,7340,R2,True,True,True,True,True,False
C9-HF3E15-R2-T3_S323,C9,HF3E15,R2,T3,Cit+Glu+Cello+Cellu,12,mixed,9,8835,R2,True,True,True,True,True,False
C9-HF3E15-R3-T10_S373,C9,HF3E15,R3,T10,Cit+Glu+Cello+Cellu,33,mixed,9,9787,R2,False,True,True,True,True,False
C9-HF3H15-R1-T10_S221,C9,HF3H15,R1,T10,Cit+Glu+Cello+Cellu,33,mixed,9,8929,R3,False,True,True,True,True,False
C9-HF3H15-R2-T10_S469,C9,HF3H15,R2,T10,Cit+Glu+Cello+Cellu,33,mixed,9,10016,R3,False,True,True,True,True,False
C9-HF3H15-R3-T1_S132,C9,HF3H15,R3,T1,Cit+Glu+Cello+Cellu,6,mixed,9,15361,R3,True,True,True,True,True,False
C9-HF3H15-R3-T10_S418,C9,HF3H15,R3,T10,Cit+Glu+Cello+Cellu,33,mixed,9,12452,R3,True,True,True,True,True,False
C9-HF3H15-R3-T3_S299,C9,HF3H15,R3,T3,Cit+Glu+Cello+Cellu,12,mixed,9,8322,R3,True,True,True,True,True,False
HF1M15-initial-powersoil_S386-C10-R1,C10,HF1M15,R1,T-1,Cit+Glu+Cello+Cellu+Lignin,0,mixed,10,8044,R1,True,True,True,True,True,True
HF1P15-initial-powersoil_S384-C10-R1,C10,HF1P15,R1,T-1,Cit+Glu+Cello+Cellu+Lignin,0,mixed,10,5972,R2,False,True,True,True,True,True
HF2M15-initial-powersoil_S397-C10-R1,C10,HF2M15,R1,T-1,Cit+Glu+Cello+Cellu+Lignin,0,mixed,10,7223,R2,False,True,True,True,True,True
HF2P15-initial-powersoil_S385-C10-R1,C10,HF2P15,R1,T-1,Cit+Glu+Cello+Cellu+Lignin,0,mixed,10,8564,R3,False,True,True,True,True,True
HF3E15-initial-powersoil_S398-C10-R1,C10,HF3E15,R1,T-1,Cit+Glu+Cello+Cellu+Lignin,0,mixed,10,7696,R2,False,True,True,True,True,True
HF3H15-initial-powersoil_S396-C10-R1,C10,HF3H15,R1,T-1,Cit+Glu+Cello+Cellu+Lignin,0,mixed,10,6534,R3,False,True,True,True,True,True
HF1M15-initial-powersoil_S386-C2-R1,C2,HF1M15,R1,T-1,Cit,0,single,2,8044,R1,True,True,False,False,False,False
HF1P15-initial-powersoil_S384-C2-R1,C2,HF1P15,R1,T-1,Cit,0,single,2,5972,R2,False,True,False,False,False,False
HF2M15-initial-powersoil_S397-C2-R1,C2,HF2M15,R1,T-1,Cit,0,single,2,7223,R2,False,True,False,False,False,False
HF2P15-initial-powersoil_S385-C2-R1,C2,HF2P15,R1,T-1,Cit,0,single,2,8564,R3,False,True,False,False,False,False
HF3E15-initial-powersoil_S398-C2-R1,C2,HF3E15,R1,T-1,Cit,0,single,2,7696,R2,False,True,False,False,False,False
HF3H15-initial-powersoil_S396-C2-R1,C2,HF3H15,R1,T-1,Cit,0,single,2,6534,R3,False,True,False,False,False,False
HF1M15-initial-powersoil_S386-C3-R1,C3,HF1M15,R1,T-1,Glu,0,single,3,8044,R1,True,False,True,False,False,False
HF1P15-initial-powersoil_S384-C3-R1,C3,HF1P15,R1,T-1,Glu,0,single,3,5972,R2,False,False,True,False,False,False
HF2M15-initial-powersoil_S397-C3-R1,C3,HF2M15,R1,T-1,Glu,0,single,3,7223,R2,False,False,True,False,False,False
HF2P15-initial-powersoil_S385-C3-R1,C3,HF2P15,R1,T-1,Glu,0,single,3,8564,R3,False,False,True,False,False,False
HF3E15-initial-powersoil_S398-C3-R1,C3,HF3E15,R1,T-1,Glu,0,single,3,7696,R2,False,False,True,False,False,False
HF3H15-initial-powersoil_S396-C3-R1,C3,HF3H15,R1,T-1,Glu,0,single,3,6534,R3,False,False,True,False,False,False
HF1M15-initial-powersoil_S386-C4-R1,C4,HF1M15,R1,T-1,Cello,0,single,4,8044,R1,True,False,False,True,False,False
HF1P15-initial-powersoil_S384-C4-R1,C4,HF1P15,R1,T-1,Cello,0,single,4,5972,R2,False,False,False,True,False,False
HF2M15-initial-powersoil_S397-C4-R1,C4,HF2M15,R1,T-1,Cello,0,single,4,7223,R2,False,False,False,True,False,False
HF2P15-initial-powersoil_S385-C4-R1,C4,HF2P15,R1,T-1,Cello,0,single,4,8564,R3,False,False,False,True,False,False
HF3E15-initial-powersoil_S398-C4-R1,C4,HF3E15,R1,T-1,Cello,0,single,4,7696,R2,False,False,False,True,False,False
HF3H15-initial-powersoil_S396-C4-R1,C4,HF3H15,R1,T-1,Cello,0,single,4,6534,R3,False,False,False,True,False,False
HF1M15-initial-powersoil_S386-C5-R1,C5,HF1M15,R1,T-1,Cellu,0,single,5,8044,R1,True,False,False,False,True,False
HF1P15-initial-powersoil_S384-C5-R1,C5,HF1P15,R1,T-1,Cellu,0,single,5,5972,R2,False,False,False,False,True,False
HF2M15-initial-powersoil_S397-C5-R1,C5,HF2M15,R1,T-1,Cellu,0,single,5,7223,R2,False,False,False,False,True,False
HF2P15-initial-powersoil_S385-C5-R1,C5,HF2P15,R1,T-1,Cellu,0,single,5,8564,R3,False,False,False,False,True,False
HF3E15-initial-powersoil_S398-C5-R1,C5,HF3E15,R1,T-1,Cellu,0,single,5,7696,R2,False,False,False,False,True,False
HF3H15-initial-powersoil_S396-C5-R1,C5,HF3H15,R1,T-1,Cellu,0,single,5,6534,R3,False,False,False,False,True,False
HF1M15-initial-powersoil_S386-C6-R1,C6,HF1M15,R1,T-1,Lignin,0,single,6,8044,R1,True,False,False,False,False,True
HF1P15-initial-powersoil_S384-C6-R1,C6,HF1P15,R1,T-1,Lignin,0,single,6,5972,R2,False,False,False,False,False,True
HF2M15-initial-powersoil_S397-C6-R1,C6,HF2M15,R1,T-1,Lignin,0,single,6,7223,R2,False,False,False,False,False,True
HF2P15-initial-powersoil_S385-C6-R1,C6,HF2P15,R1,T-1,Lignin,0,single,6,8564,R3,False,False,False,False,False,True
HF3E15-initial-powersoil_S398-C6-R1,C6,HF3E15,R1,T-1,Lignin,0,single,6,7696,R2,False,False,False,False,False,True
HF3H15-initial-powersoil_S396-C6-R1,C6,HF3H15,R1,T-1,Lignin,0,single,6,6534,R3,False,False,False,False,False,True
HF1M15-initial-powersoil_S386-C7-R1,C7,HF1M15,R1,T-1,Cit+Glu,0,mixed,7,8044,R1,True,True,True,False,False,False
HF1P15-initial-powersoil_S384-C7-R1,C7,HF1P15,R1,T-1,Cit+Glu,0,mixed,7,5972,R2,False,True,True,False,False,False
HF2M15-initial-powersoil_S397-C7-R1,C7,HF2M15,R1,T-1,Cit+Glu,0,mixed,7,7223,R2,False,True,True,False,False,False
HF2P15-initial-powersoil_S385-C7-R1,C7,HF2P15,R1,T-1,Cit+Glu,0,mixed,7,8564,R3,False,True,True,False,False,False
HF3E15-initial-powersoil_S398-C7-R1,C7,HF3E15,R1,T-1,Cit+Glu,0,mixed,7,7696,R2,False,True,True,False,False,False
HF3H15-initial-powersoil_S396-C7-R1,C7,HF3H15,R1,T-1,Cit+Glu,0,mixed,7,6534,R3,False,True,True,False,False,False
HF1M15-initial-powersoil_S386-C8-R1,C8,HF1M15,R1,T-1,Cit+Glu+Cello,0,mixed,8,8044,R1,True,True,True,True,False,False
HF1P15-initial-powersoil_S384-C8-R1,C8,HF1P15,R1,T-1,Cit+Glu+Cello,0,mixed,8,5972,R2,False,True,True,True,False,False
HF2M15-initial-powersoil_S397-C8-R1,C8,HF2M15,R1,T-1,Cit+Glu+Cello,0,mixed,8,7223,R2,False,True,True,True,False,False
HF2P15-initial-powersoil_S385-C8-R1,C8,HF2P15,R1,T-1,Cit+Glu+Cello,0,mixed,8,8564,R3,False,True,True,True,False,False
HF3E15-initial-powersoil_S398-C8-R1,C8,HF3E15,R1,T-1,Cit+Glu+Cello,0,mixed,8,7696,R2,False,True,True,True,False,False
HF3H15-initial-powersoil_S396-C8-R1,C8,HF3H15,R1,T-1,Cit+Glu+Cello,0,mixed,8,6534,R3,False,True,True,True,False,False
HF1M15-initial-powersoil_S386-C9-R1,C9,HF1M15,R1,T-1,Cit+Glu+Cello+Cellu,0,mixed,9,8044,R1,True,True,True,True,True,False
HF1P15-initial-powersoil_S384-C9-R1,C9,HF1P15,R1,T-1,Cit+Glu+Cello+Cellu,0,mixed,9,5972,R2,False,True,True,True,True,False
HF2M15-initial-powersoil_S397-C9-R1,C9,HF2M15,R1,T-1,Cit+Glu+Cello+Cellu,0,mixed,9,7223,R2,False,True,True,True,True,False
HF2P15-initial-powersoil_S385-C9-R1,C9,HF2P15,R1,T-1,Cit+Glu+Cello+Cellu,0,mixed,9,8564,R3,False,True,True,True,True,False
HF3E15-initial-powersoil_S398-C9-R1,C9,HF3E15,R1,T-1,Cit+Glu+Cello+Cellu,0,mixed,9,7696,R2,False,True,True,True,True,False
HF3H15-initial-powersoil_S396-C9-R1,C9,HF3H15,R1,T-1,Cit+Glu+Cello+Cellu,0,mixed,9,6534,R3,False,True,True,True,True,False
HF1M15-initial-powersoil_S386-C10-R2,C10,HF1M15,R2,T-1,Cit+Glu+Cello+Cellu+Lignin,0,mixed,10,8044,R1,False,True,True,True,True,True
HF1P15-initial-powersoil_S384-C10-R2,C10,HF1P15,R2,T-1,Cit+Glu+Cello+Cellu+Lignin,0,mixed,10,5972,R2,True,True,True,True,True,True
HF2M15-initial-powersoil_S397-C10-R2,C10,HF2M15,R2,T-1,Cit+Glu+Cello+Cellu+Lignin,0,mixed,10,7223,R2,True,True,True,True,True,True
HF2P15-initial-powersoil_S385-C10-R2,C10,HF2P15,R2,T-1,Cit+Glu+Cello+Cellu+Lignin,0,mixed,10,8564,R3,False,True,True,True,True,True
HF3E15-initial-powersoil_S398-C10-R2,C10,HF3E15,R2,T-1,Cit+Glu+Cello+Cellu+Lignin,0,mixed,10,7696,R2,True,True,True,True,True,True
HF3H15-initial-powersoil_S396-C10-R2,C10,HF3H15,R2,T-1,Cit+Glu+Cello+Cellu+Lignin,0,mixed,10,6534,R3,False,True,True,True,True,True
HF1M15-initial-powersoil_S386-C2-R2,C2,HF1M15,R2,T-1,Cit,0,single,2,8044,R1,False,True,False,False,False,False
HF1P15-initial-powersoil_S384-C2-R2,C2,HF1P15,R2,T-1,Cit,0,single,2,5972,R2,True,True,False,False,False,False
HF2M15-initial-powersoil_S397-C2-R2,C2,HF2M15,R2,T-1,Cit,0,single,2,7223,R2,True,True,False,False,False,False
HF2P15-initial-powersoil_S385-C2-R2,C2,HF2P15,R2,T-1,Cit,0,single,2,8564,R3,False,True,False,False,False,False
HF3E15-initial-powersoil_S398-C2-R2,C2,HF3E15,R2,T-1,Cit,0,single,2,7696,R2,True,True,False,False,False,False
HF3H15-initial-powersoil_S396-C2-R2,C2,HF3H15,R2,T-1,Cit,0,single,2,6534,R3,False,True,False,False,False,False
HF1M15-initial-powersoil_S386-C3-R2,C3,HF1M15,R2,T-1,Glu,0,single,3,8044,R1,False,False,True,False,False,False
HF1P15-initial-powersoil_S384-C3-R2,C3,HF1P15,R2,T-1,Glu,0,single,3,5972,R2,True,False,True,False,False,False
HF2M15-initial-powersoil_S397-C3-R2,C3,HF2M15,R2,T-1,Glu,0,single,3,7223,R2,True,False,True,False,False,False
HF2P15-initial-powersoil_S385-C3-R2,C3,HF2P15,R2,T-1,Glu,0,single,3,8564,R3,False,False,True,False,False,False
HF3E15-initial-powersoil_S398-C3-R2,C3,HF3E15,R2,T-1,Glu,0,single,3,7696,R2,True,False,True,False,False,False
HF3H15-initial-powersoil_S396-C3-R2,C3,HF3H15,R2,T-1,Glu,0,single,3,6534,R3,False,False,True,False,False,False
HF1M15-initial-powersoil_S386-C4-R2,C4,HF1M15,R2,T-1,Cello,0,single,4,8044,R1,False,False,False,True,False,False
HF1P15-initial-powersoil_S384-C4-R2,C4,HF1P15,R2,T-1,Cello,0,single,4,5972,R2,True,False,False,True,False,False
HF2M15-initial-powersoil_S397-C4-R2,C4,HF2M15,R2,T-1,Cello,0,single,4,7223,R2,True,False,False,True,False,False
HF2P15-initial-powersoil_S385-C4-R2,C4,HF2P15,R2,T-1,Cello,0,single,4,8564,R3,False,False,False,True,False,False
HF3E15-initial-powersoil_S398-C4-R2,C4,HF3E15,R2,T-1,Cello,0,single,4,7696,R2,True,False,False,True,False,False
HF3H15-initial-powersoil_S396-C4-R2,C4,HF3H15,R2,T-1,Cello,0,single,4,6534,R3,False,False,False,True,False,False
HF1M15-initial-powersoil_S386-C5-R2,C5,HF1M15,R2,T-1,Cellu,0,single,5,8044,R1,False,False,False,False,True,False
HF1P15-initial-powersoil_S384-C5-R2,C5,HF1P15,R2,T-1,Cellu,0,single,5,5972,R2,True,False,False,False,True,False
HF2M15-initial-powersoil_S397-C5-R2,C5,HF2M15,R2,T-1,Cellu,0,single,5,7223,R2,True,False,False,False,True,False
HF2P15-initial-powersoil_S385-C5-R2,C5,HF2P15,R2,T-1,Cellu,0,single,5,8564,R3,False,False,False,False,True,False
HF3E15-initial-powersoil_S398-C5-R2,C5,HF3E15,R2,T-1,Cellu,0,single,5,7696,R2,True,False,False,False,True,False
HF3H15-initial-powersoil_S396-C5-R2,C5,HF3H15,R2,T-1,Cellu,0,single,5,6534,R3,False,False,False,False,True,False
HF1M15-initial-powersoil_S386-C6-R2,C6,HF1M15,R2,T-1,Lignin,0,single,6,8044,R1,False,False,False,False,False,True
HF1P15-initial-powersoil_S384-C6-R2,C6,HF1P15,R2,T-1,Lignin,0,single,6,5972,R2,True,False,False,False,False,True
HF2M15-initial-powersoil_S397-C6-R2,C6,HF2M15,R2,T-1,Lignin,0,single,6,7223,R2,True,False,False,False,False,True
HF2P15-initial-powersoil_S385-C6-R2,C6,HF2P15,R2,T-1,Lignin,0,single,6,8564,R3,False,False,False,False,False,True
HF3E15-initial-powersoil_S398-C6-R2,C6,HF3E15,R2,T-1,Lignin,0,single,6,7696,R2,True,False,False,False,False,True
HF3H15-initial-powersoil_S396-C6-R2,C6,HF3H15,R2,T-1,Lignin,0,single,6,6534,R3,False,False,False,False,False,True
HF1M15-initial-powersoil_S386-C7-R2,C7,HF1M15,R2,T-1,Cit+Glu,0,mixed,7,8044,R1,False,True,True,False,False,False
HF1P15-initial-powersoil_S384-C7-R2,C7,HF1P15,R2,T-1,Cit+Glu,0,mixed,7,5972,R2,True,True,True,False,False,False
HF2M15-initial-powersoil_S397-C7-R2,C7,HF2M15,R2,T-1,Cit+Glu,0,mixed,7,7223,R2,True,True,True,False,False,False
HF2P15-initial-powersoil_S385-C7-R2,C7,HF2P15,R2,T-1,Cit+Glu,0,mixed,7,8564,R3,False,True,True,False,False,False
HF3E15-initial-powersoil_S398-C7-R2,C7,HF3E15,R2,T-1,Cit+Glu,0,mixed,7,7696,R2,True,True,True,False,False,False
HF3H15-initial-powersoil_S396-C7-R2,C7,HF3H15,R2,T-1,Cit+Glu,0,mixed,7,6534,R3,False,True,True,False,False,False
HF1M15-initial-powersoil_S386-C8-R2,C8,HF1M15,R2,T-1,Cit+Glu+Cello,0,mixed,8,8044,R1,False,True,True,True,False,False
HF1P15-initial-powersoil_S384-C8-R2,C8,HF1P15,R2,T-1,Cit+Glu+Cello,0,mixed,8,5972,R2,True,True,True,True,False,False
HF2M15-initial-powersoil_S397-C8-R2,C8,HF2M15,R2,T-1,Cit+Glu+Cello,0,mixed,8,7223,R2,True,True,True,True,False,False
HF2P15-initial-powersoil_S385-C8-R2,C8,HF2P15,R2,T-1,Cit+Glu+Cello,0,mixed,8,8564,R3,False,True,True,True,False,False
HF3E15-initial-powersoil_S398-C8-R2,C8,HF3E15,R2,T-1,Cit+Glu+Cello,0,mixed,8,7696,R2,True,True,True,True,False,False
HF3H15-initial-powersoil_S396-C8-R2,C8,HF3H15,R2,T-1,Cit+Glu+Cello,0,mixed,8,6534,R3,False,True,True,True,False,False
HF1M15-initial-powersoil_S386-C9-R2,C9,HF1M15,R2,T-1,Cit+Glu+Cello+Cellu,0,mixed,9,8044,R1,False,True,True,True,True,False
HF1P15-initial-powersoil_S384-C9-R2,C9,HF1P15,R2,T-1,Cit+Glu+Cello+Cellu,0,mixed,9,5972,R2,True,True,True,True,True,False
HF2M15-initial-powersoil_S397-C9-R2,C9,HF2M15,R2,T-1,Cit+Glu+Cello+Cellu,0,mixed,9,7223,R2,True,True,True,True,True,False
HF2P15-initial-powersoil_S385-C9-R2,C9,HF2P15,R2,T-1,Cit+Glu+Cello+Cellu,0,mixed,9,8564,R3,False,True,True,True,True,False
HF3E15-initial-powersoil_S398-C9-R2,C9,HF3E15,R2,T-1,Cit+Glu+Cello+Cellu,0,mixed,9,7696,R2,True,True,True,True,True,False
HF3H15-initial-powersoil_S396-C9-R2,C9,HF3H15,R2,T-1,Cit+Glu+Cello+Cellu,0,mixed,9,6534,R3,False,True,True,True,True,False
HF1M15-initial-powersoil_S386-C10-R3,C10,HF1M15,R3,T-1,Cit+Glu+Cello+Cellu+Lignin,0,mixed,10,8044,R1,False,True,True,True,True,True
HF1P15-initial-powersoil_S384-C10-R3,C10,HF1P15,R3,T-1,Cit+Glu+Cello+Cellu+Lignin,0,mixed,10,5972,R2,False,True,True,True,True,True
HF2M15-initial-powersoil_S397-C10-R3,C10,HF2M15,R3,T-1,Cit+Glu+Cello+Cellu+Lignin,0,mixed,10,7223,R2,False,True,True,True,True,True
HF2P15-initial-powersoil_S385-C10-R3,C10,HF2P15,R3,T-1,Cit+Glu+Cello+Cellu+Lignin,0,mixed,10,8564,R3,True,True,True,True,True,True
HF3E15-initial-powersoil_S398-C10-R3,C10,HF3E15,R3,T-1,Cit+Glu+Cello+Cellu+Lignin,0,mixed,10,7696,R2,False,True,True,True,True,True
HF3H15-initial-powersoil_S396-C10-R3,C10,HF3H15,R3,T-1,Cit+Glu+Cello+Cellu+Lignin,0,mixed,10,6534,R3,True,True,True,True,True,True
HF1M15-initial-powersoil_S386-C2-R3,C2,HF1M15,R3,T-1,Cit,0,single,2,8044,R1,False,True,False,False,False,False
HF1P15-initial-powersoil_S384-C2-R3,C2,HF1P15,R3,T-1,Cit,0,single,2,5972,R2,False,True,False,False,False,False
HF2M15-initial-powersoil_S397-C2-R3,C2,HF2M15,R3,T-1,Cit,0,single,2,7223,R2,False,True,False,False,False,False
HF2P15-initial-powersoil_S385-C2-R3,C2,HF2P15,R3,T-1,Cit,0,single,2,8564,R3,True,True,False,False,False,False
HF3E15-initial-powersoil_S398-C2-R3,C2,HF3E15,R3,T-1,Cit,0,single,2,7696,R2,False,True,False,False,False,False
HF3H15-initial-powersoil_S396-C2-R3,C2,HF3H15,R3,T-1,Cit,0,single,2,6534,R3,True,True,False,False,False,False
HF1M15-initial-powersoil_S386-C3-R3,C3,HF1M15,R3,T-1,Glu,0,single,3,8044,R1,False,False,True,False,False,False
HF1P15-initial-powersoil_S384-C3-R3,C3,HF1P15,R3,T-1,Glu,0,single,3,5972,R2,False,False,True,False,False,False
HF2M15-initial-powersoil_S397-C3-R3,C3,HF2M15,R3,T-1,Glu,0,single,3,7223,R2,False,False,True,False,False,False
HF2P15-initial-powersoil_S385-C3-R3,C3,HF2P15,R3,T-1,Glu,0,single,3,8564,R3,True,False,True,False,False,False
HF3E15-initial-powersoil_S398-C3-R3,C3,HF3E15,R3,T-1,Glu,0,single,3,7696,R2,False,False,True,False,False,False
HF3H15-initial-powersoil_S396-C3-R3,C3,HF3H15,R3,T-1,Glu,0,single,3,6534,R3,True,False,True,False,False,False
HF1M15-initial-powersoil_S386-C4-R3,C4,HF1M15,R3,T-1,Cello,0,single,4,8044,R1,False,False,False,True,False,False
HF1P15-initial-powersoil_S384-C4-R3,C4,HF1P15,R3,T-1,Cello,0,single,4,5972,R2,False,False,False,True,False,False
HF2M15-initial-powersoil_S397-C4-R3,C4,HF2M15,R3,T-1,Cello,0,single,4,7223,R2,False,False,False,True,False,False
HF2P15-initial-powersoil_S385-C4-R3,C4,HF2P15,R3,T-1,Cello,0,single,4,8564,R3,True,False,False,True,False,False
HF3E15-initial-powersoil_S398-C4-R3,C4,HF3E15,R3,T-1,Cello,0,single,4,7696,R2,False,False,False,True,False,False
HF3H15-initial-powersoil_S396-C4-R3,C4,HF3H15,R3,T-1,Cello,0,single,4,6534,R3,True,False,False,True,False,False
HF1M15-initial-powersoil_S386-C5-R3,C5,HF1M15,R3,T-1,Cellu,0,single,5,8044,R1,False,False,False,False,True,False
HF1P15-initial-powersoil_S384-C5-R3,C5,HF1P15,R3,T-1,Cellu,0,single,5,5972,R2,False,False,False,False,True,False
HF2M15-initial-powersoil_S397-C5-R3,C5,HF2M15,R3,T-1,Cellu,0,single,5,7223,R2,False,False,False,False,True,False
HF2P15-initial-powersoil_S385-C5-R3,C5,HF2P15,R3,T-1,Cellu,0,single,5,8564,R3,True,False,False,False,True,False
HF3E15-initial-powersoil_S398-C5-R3,C5,HF3E15,R3,T-1,Cellu,0,single,5,7696,R2,False,False,False,False,True,False
HF3H15-initial-powersoil_S396-C5-R3,C5,HF3H15,R3,T-1,Cellu,0,single,5,6534,R3,True,False,False,False,True,False
HF1M15-initial-powersoil_S386-C6-R3,C6,HF1M15,R3,T-1,Lignin,0,single,6,8044,R1,False,False,False,False,False,True
HF1P15-initial-powersoil_S384-C6-R3,C6,HF1P15,R3,T-1,Lignin,0,single,6,5972,R2,False,False,False,False,False,True
HF2M15-initial-powersoil_S397-C6-R3,C6,HF2M15,R3,T-1,Lignin,0,single,6,7223,R2,False,False,False,False,False,True
HF2P15-initial-powersoil_S385-C6-R3,C6,HF2P15,R3,T-1,Lignin,0,single,6,8564,R3,True,False,False,False,False,True
HF3E15-initial-powersoil_S398-C6-R3,C6,HF3E15,R3,T-1,Lignin,0,single,6,7696,R2,False,False,False,False,False,True
HF3H15-initial-powersoil_S396-C6-R3,C6,HF3H15,R3,T-1,Lignin,0,single,6,6534,R3,True,False,False,False,False,True
HF1M15-initial-powersoil_S386-C7-R3,C7,HF1M15,R3,T-1,Cit+Glu,0,mixed,7,8044,R1,False,True,True,False,False,False
HF1P15-initial-powersoil_S384-C7-R3,C7,HF1P15,R3,T-1,Cit+Glu,0,mixed,7,5972,R2,False,True,True,False,False,False
HF2M15-initial-powersoil_S397-C7-R3,C7,HF2M15,R3,T-1,Cit+Glu,0,mixed,7,7223,R2,False,True,True,False,False,False
HF2P15-initial-powersoil_S385-C7-R3,C7,HF2P15,R3,T-1,Cit+Glu,0,mixed,7,8564,R3,True,True,True,False,False,False
HF3E15-initial-powersoil_S398-C7-R3,C7,HF3E15,R3,T-1,Cit+Glu,0,mixed,7,7696,R2,False,True,True,False,False,False
HF3H15-initial-powersoil_S396-C7-R3,C7,HF3H15,R3,T-1,Cit+Glu,0,mixed,7,6534,R3,True,True,True,False,False,False
HF1M15-initial-powersoil_S386-C8-R3,C8,HF1M15,R3,T-1,Cit+Glu+Cello,0,mixed,8,8044,R1,False,True,True,True,False,False
HF1P15-initial-powersoil_S384-C8-R3,C8,HF1P15,R3,T-1,Cit+Glu+Cello,0,mixed,8,5972,R2,False,True,True,True,False,False
HF2M15-initial-powersoil_S397-C8-R3,C8,HF2M15,R3,T-1,Cit+Glu+Cello,0,mixed,8,7223,R2,False,True,True,True,False,False
HF2P15-initial-powersoil_S385-C8-R3,C8,HF2P15,R3,T-1,Cit+Glu+Cello,0,mixed,8,8564,R3,True,True,True,True,False,False
HF3E15-initial-powersoil_S398-C8-R3,C8,HF3E15,R3,T-1,Cit+Glu+Cello,0,mixed,8,7696,R2,False,True,True,True,False,False
HF3H15-initial-powersoil_S396-C8-R3,C8,HF3H15,R3,T-1,Cit+Glu+Cello,0,mixed,8,6534,R3,True,True,True,True,False,False
HF1M15-initial-powersoil_S386-C9-R3,C9,HF1M15,R3,T-1,Cit+Glu+Cello+Cellu,0,mixed,9,8044,R1,False,True,True,True,True,False
HF1P15-initial-powersoil_S384-C9-R3,C9,HF1P15,R3,T-1,Cit+Glu+Cello+Cellu,0,mixed,9,5972,R2,False,True,True,True,True,False
HF2M15-initial-powersoil_S397-C9-R3,C9,HF2M15,R3,T-1,Cit+Glu+Cello+Cellu,0,mixed,9,7223,R2,False,True,True,True,True,False
HF2P15-initial-powersoil_S385-C9-R3,C9,HF2P15,R3,T-1,Cit+Glu+Cello+Cellu,0,mixed,9,8564,R3,True,True,True,True,True,False
HF3E15-initial-powersoil_S398-C9-R3,C9,HF3E15,R3,T-1,Cit+Glu+Cello+Cellu,0,mixed,9,7696,R2,False,True,True,True,True,False
HF3H15-initial-powersoil_S396-C9-R3,C9,HF3H15,R3,T-1,Cit+Glu+Cello+Cellu,0,mixed,9,6534,R3,True,True,True,True,True,False
